{
  "sections": {
    "main": {
      "type": "main-page",
      "settings": {}
    },
    "faq": {
      "type": "faq",
      "blocks": {
        "separator-1": {
          "type": "separator",
          "settings": {
            "title": "Shipping"
          }
        },
        "question-1": {
          "type": "question",
          "settings": {
            "title": "Do you ship overseas?",
            "answer": "<p>Yes, we ship all over the world. Shipping costs will apply, and will be added at checkout. We run discounts and promotions all year, so stay tuned for exclusive deals.<\/p>"
          }
        },
        "question-2": {
          "type": "question",
          "settings": {
            "title": "How long will it take to get my order?",
            "answer": "<p>It depends on where you are. Orders processed here will take 5-7 business days to arrive. Overseas deliveries can take anywhere from 7-16 days. Delivery details will be provided in your confirmation email.<\/p>"
          }
        },
        "question-3": {
          "type": "question",
          "settings": {
            "title": "What shipping carriers do you use?",
            "answer": "<p>We use all major carriers, and local courier partners. You’ll be asked to select a delivery method during checkout.<\/p>"
          }
        },
        "separator-2": {
          "type": "separator",
          "settings": {
            "title": "Product"
          }
        },
        "question-4": {
          "type": "question",
          "settings": {
            "title": "Can I return my product?",
            "answer": "<p>We always aim for make sure our customers love our products, but if you do need to return an order, we’re happy to help. Just email us directly and we’ll take you through the process.<\/p>"
          }
        },
        "question-5": {
          "type": "question",
          "settings": {
            "title": "Can I get my product personalized?",
            "answer": "<p>It depends on the creator and the product. All options are outlined on the product page, so look out for customization options there.<\/p>"
          }
        }
      },
      "block_order": [
        "separator-1",
        "question-1",
        "question-2",
        "question-3",
        "separator-2",
        "question-4",
        "question-5"
      ],
      "settings": {}
    }
  },
  "order": [
    "main",
    "faq"
  ]
}