{
  "sections": {
    "main": {
      "type": "main-product",
      "blocks": {
        "product_meta": {
          "type": "product_meta",
          "settings": {
            "show_vendor": true,
            "show_sku": false,
            "show_reviews_badge": false,
            "show_share_buttons": true
          }
        },
        "772e6a13-f127-4434-aaed-beabb2d2f56c": {
          "type": "shopify:\/\/apps\/product-reviews\/blocks\/star_rating\/bae150af-8da8-48b2-9867-398188115e5f",
          "disabled": true,
          "settings": {
            "stars_fill_color": "#000000",
            "star_size": 15,
            "text_align": "center",
            "product": "{{product}}",
            "stars_text_empty": "No reviews"
          }
        },
        "variant_selector": {
          "type": "variant_selector",
          "settings": {
            "selector_mode": "block",
            "color_mode": "color",
            "show_quantity_selector": true,
            "show_taxes_included": false,
            "show_inventory_quantity": false,
            "low_inventory_threshold": 0
          }
        },
        "buy_buttons": {
          "type": "buy_buttons",
          "settings": {
            "show_payment_button": true
          }
        },
        "description": {
          "type": "description",
          "settings": {
            "display_mode": "show_all"
          }
        }
      },
      "block_order": [
        "product_meta",
        "772e6a13-f127-4434-aaed-beabb2d2f56c",
        "variant_selector",
        "buy_buttons",
        "description"
      ],
      "settings": {
        "image_size": "small",
        "enable_video_looping": false,
        "enable_image_zoom": true,
        "zoom_effect": "outside",
        "carousel_effect": "fade"
      }
    },
    "1650523034badf2f14": {
      "type": "apps",
      "blocks": {
        "8d3e5f55-3e3a-4fcb-afdf-9d681cc9f222": {
          "type": "shopify:\/\/apps\/product-reviews\/blocks\/reviews\/bae150af-8da8-48b2-9867-398188115e5f",
          "settings": {}
        }
      },
      "block_order": [
        "8d3e5f55-3e3a-4fcb-afdf-9d681cc9f222"
      ],
      "settings": {
        "include_margins": true
      }
    },
    "product-recommendations": {
      "type": "product-recommendations",
      "settings": {
        "heading": "You may also like",
        "show_quick_buy": false
      }
    },
    "recently-viewed-products": {
      "type": "recently-viewed-products",
      "settings": {
        "title": "Recently viewed",
        "show_quick_buy": false
      }
    }
  },
  "order": [
    "main",
    "1650523034badf2f14",
    "product-recommendations",
    "recently-viewed-products"
  ]
}